<?xml version="1.0" encoding="UTF-8"?>
<project-private xmlns="http://www.netbeans.org/ns/project-private/1">
    <editor-bookmarks xmlns="http://www.netbeans.org/ns/editor-bookmarks/2" lastBookmarkId="0"/>
    <open-files xmlns="http://www.netbeans.org/ns/projectui-open-files/2">
        <group>
            <file>file:/C:/Users/smata/Tecnicas/2024/Cuatri%202/TN/Clases/Clase05/src/clase05/Clase05.java</file>
            <file>file:/C:/Users/smata/Tecnicas/2024/Cuatri%202/TN/Clases/Clase05/src/clase05/ClaseString.java</file>
        </group>
    </open-files>
</project-private>
